{
    "599317636928634957": {
        "credits": 10000000
    },
    "638343050535501826": {
        "credits": 0
    },
    "419197182097358878": {
        "credits": 100000250
    },
    "346016212301643789": {
        "credits": 0
    },
    "503176530080432160": {
        "credits": 0
    },
    "591380303659008011": {
        "credits": 0
    },
    "423432876084953103": {
        "credits": 0
    },
    "356470577248206850": {
        "credits": 0
    },
    "663028367028649985": {
        "credits": 0
    },
    "223503389760159744": {
        "credits": 0
    },
    "755325405506043994": {
        "credits": 0
    },
    "441784802262122496": {
        "credits": 0
    },
    "724290126045511750": {
        "credits": 0
    },
    "559751330663628800": {
        "credits": 0
    },
    "467993111533191169": {
        "credits": 0
    },
    "404460441843269637": {
        "credits": 0
    },
    "630906683039940621": {
        "credits": 0
    },
    "503590661023596556": {
        "credits": 0
    },
    "542827406814216258": {
        "credits": 0
    },
    "741178919981678663": {
        "credits": 0
    },
    "633765368112087048": {
        "credits": 0
    },
    "576098969533546517": {
        "credits": 0
    },
    "659920816699473930": {
        "credits": 0
    },
    "543877573839683610": {
        "credits": 0
    },
    "573055909945933836": {
        "credits": 0
    },
    "495853307256897547": {
        "credits": 0
    },
    "562745559606362123": {
        "credits": 0
    },
    "321281208166121472": {
        "credits": 0
    },
    "303622482236145674": {
        "credits": 0
    },
    "150389532561244160": {
        "credits": 0
    },
    "445214431220203530": {
        "credits": 0
    },
    "454202124256149505": {
        "credits": 0
    },
    "448143760119955466": {
        "credits": 0
    },
    "598189666339913738": {
        "credits": 0
    },
    "722132329128132748": {
        "credits": 250
    },
    "369996664653742080": {
        "credits": 0
    },
    "475466984130215956": {
        "credits": 0
    },
    "719273036687343738": {
        "credits": 0
    },
    "593349332217102336": {
        "credits": 0
    },
    "722793302549594225": {
        "credits": 0
    },
    "449882875660337163": {
        "credits": 0
    },
    "478715839034687500": {
        "credits": 0
    },
    "713007848849932298": {
        "credits": 0
    },
    "731551447275143338": {
        "credits": 0
    },
    "510951506787434511": {
        "credits": 0
    },
    "513794351902752797": {
        "credits": 0
    },
    "536229142119710720": {
        "credits": 0
    },
    "617655075518545931": {
        "credits": 0
    },
    "313048493856129027": {
        "credits": 0
    },
    "621605502601658388": {
        "credits": 0
    },
    "693673501348855838": {
        "credits": 0
    },
    "683049529284886570": {
        "credits": 0
    },
    "491007106737111050": {
        "credits": 0
    },
    "620384957168353281": {
        "credits": 0
    },
    "434486178809380867": {
        "credits": 0
    },
    "399980997090738179": {
        "credits": 0
    },
    "294671459622715392": {
        "credits": 0
    },
    "276851934088921090": {
        "credits": 0
    },
    "577684127977832482": {
        "credits": 0
    },
    "723478739719028819": {
        "credits": 0
    },
    "571484849056251930": {
        "credits": 0
    },
    "657834904939397141": {
        "credits": 0
    },
    "493512843388256257": {
        "credits": 0
    }
}